<?xml version="1.0" encoding="UTF-8"?>
<beans:beans xmlns="http://www.springframework.org/schema/mvc"
	xmlns:xsi="http://www.w3.org/2001/XMLSchema-instance"
	xmlns:beans="http://www.springframework.org/schema/beans"
	xmlns:context="http://www.springframework.org/schema/context"
	xmlns:mybatis-spring="http://mybatis.org/schema/mybatis-spring"
	xsi:schemaLocation="http://www.springframework.org/schema/mvc https://www.springframework.org/schema/mvc/spring-mvc.xsd
		http://mybatis.org/schema/mybatis-spring http://mybatis.org/schema/mybatis-spring-1.2.xsd
		http://www.springframework.org/schema/beans https://www.springframework.org/schema/beans/spring-beans.xsd
		http://www.springframework.org/schema/context https://www.springframework.org/schema/context/spring-context.xsd">

	<!-- DispatcherServlet Context: defines this servlet's request-processing infrastructure -->
	
	<!-- Enables the Spring MVC @Controller programming model -->
	<annotation-driven />

	<!-- Handles HTTP GET requests for /resources/** by efficiently serving up static resources in the ${webappRoot}/resources directory -->
	<resources mapping="/resources/**" location="/resources/" />

	<!-- Resolves views selected for rendering by @Controllers to .jsp resources in the /WEB-INF/views directory -->
	<beans:bean class="org.springframework.web.servlet.view.InternalResourceViewResolver">
		<beans:property name="prefix" value="/WEB-INF/views/" />
		<beans:property name="suffix" value=".jsp" />
	</beans:bean>
	
	<context:component-scan base-package="kr.co.gudi" />
	
	
	<!-- DataSource 설정(접속 정보) : 기존에는 context.xml을 불러왔지만 mybatis 사용 시 이 곳에 설정 -->
	<beans:bean name="datasource" class="org.apache.commons.dbcp.BasicDataSource">
		<beans:property name="driverClassName" value="org.mariadb.jdbc.Driver"/>
		<beans:property name="url" value="jdbc:mariadb://0.tcp.jp.ngrok.io:11617/routrip"/>
		<beans:property name="username" value="web_user"/>
		<beans:property name="password" value="pass"/>
	</beans:bean>
	
	<!-- DataSource를 이용해 DB 접속 설정 -->
	<!-- name은 꼭 정해진 이름으로 써야하고 id는 임의로 정할 수 있다. -->
	<beans:bean id="sqlSessionFactory" class="org.mybatis.spring.SqlSessionFactoryBean">
		<!-- 위에 있는 접속 정보 가져오기 -->
		<beans:property name="dataSource" ref="datasource"/>
		<!-- 실행할 쿼리문이 있는 위치 지정(명시해놓고 실제 패키지가 없으면 에러 발생) -->
		<beans:property name="mapperLocations" value="classpath:/kr/co/gudi/dao/*.xml"/>
	</beans:bean>
	
	<!-- mybatis를 사용하는 영역 지정 -->
	<mybatis-spring:scan base-package="kr.co.gudi.dao"/>
	
	
</beans:beans>
